usuario_id_1,usuario_id_2,fecha_amistad
178,192,2020-02-03
8,316,2026-06-09
247,333,2025-07-06
323,457,2019-08-17
357,483,2022-01-16
58,329,2020-12-17
280,465,2020-06-21
112,305,2024-06-02
112,229,2024-05-01
133,164,2024-07-01
145,251,2018-11-12
241,290,2018-06-13
238,312,2023-01-18
17,275,2020-05-12
386,388,2024-07-21
140,456,2025-10-15
38,179,2020-11-23
248,480,2018-04-02
79,142,2019-12-17
117,139,2025-11-12
244,251,2023-01-09
149,451,2023-09-14
62,249,2026-01-31
340,394,2021-10-29
94,179,2018-04-27
148,311,2022-01-13
53,411,2019-07-22
172,283,2019-03-08
242,300,2019-04-11
157,265,2026-06-21
32,157,2020-08-08
219,227,2018-06-24
163,257,2025-06-27
134,288,2026-01-03
335,356,2024-02-07
101,190,2021-11-04
84,431,2026-05-24
63,297,2019-03-07
37,99,2019-04-04
260,390,2020-04-19
181,353,2024-06-26
40,194,2023-02-01
108,300,2021-06-10
213,331,2025-05-22
249,275,2022-01-22
53,253,2023-09-21
12,244,2025-07-06
173,278,2025-01-04
7,253,2019-11-09
71,387,2025-02-09
40,386,2022-06-12
202,480,2019-07-29
32,121,2019-11-01
252,357,2020-10-10
183,448,2021-07-22
415,422,2019-05-30
134,321,2021-11-29
436,472,2025-03-12
3,66,2024-06-10
85,480,2018-09-07
211,231,2019-04-27
154,303,2025-06-20
100,363,2026-04-30
172,211,2018-03-07
188,220,2019-07-19
123,136,2019-03-28
153,449,2020-03-01
147,227,2019-06-30
30,210,2025-06-28
226,338,2018-06-10
343,498,2020-12-19
311,357,2021-08-30
329,365,2023-07-30
198,232,2021-04-13
49,61,2019-02-25
322,495,2019-05-17
154,385,2022-01-06
282,478,2025-02-10
321,442,2018-02-03
317,412,2025-02-27
400,466,2024-08-23
199,406,2021-11-09
197,313,2025-11-03
313,431,2025-04-15
278,292,2023-12-19
18,325,2026-02-21
327,490,2020-08-20
81,189,2024-05-08
94,433,2018-12-10
189,374,2019-08-29
136,453,2024-09-30
281,406,2024-09-01
89,175,2018-07-10
102,165,2026-02-20
120,432,2018-01-30
225,377,2026-06-09
64,341,2024-01-20
133,473,2020-10-05
137,311,2018-07-06
10,99,2021-11-10
117,476,2019-07-22
133,168,2026-04-19
72,289,2019-07-25
160,192,2018-03-15
69,445,2024-07-10
112,404,2025-05-29
152,468,2024-08-25
277,336,2021-12-22
89,104,2023-05-01
175,375,2018-03-14
211,326,2022-07-06
265,438,2025-10-24
198,362,2022-12-26
149,342,2026-06-13
53,489,2022-06-27
133,237,2022-11-28
110,319,2021-06-05
310,371,2021-05-11
89,120,2019-01-06
299,479,2024-10-03
33,169,2018-05-06
120,473,2022-07-05
64,356,2019-09-19
71,230,2022-09-21
120,434,2024-01-24
267,441,2019-01-10
215,396,2023-06-20
344,445,2018-12-04
237,415,2020-09-26
44,306,2021-03-25
31,220,2023-12-04
54,441,2025-08-21
40,83,2021-04-30
119,173,2018-05-14
97,106,2023-07-13
298,310,2025-01-13
148,478,2021-06-17
151,471,2022-12-19
161,483,2021-10-05
184,342,2020-03-25
169,335,2022-09-30
263,304,2021-11-12
191,354,2021-07-05
328,385,2025-01-08
97,455,2018-02-10
280,487,2019-07-26
278,408,2023-08-03
171,304,2018-12-07
8,478,2024-03-06
411,472,2023-06-24
80,224,2020-04-04
358,433,2022-07-19
186,411,2024-08-30
222,373,2018-06-06
243,302,2024-08-05
175,312,2025-10-12
334,480,2018-01-27
169,454,2025-06-16
47,469,2022-04-25
65,206,2025-07-03
87,158,2019-10-23
22,107,2022-10-23
234,412,2018-07-21
183,203,2025-11-22
43,202,2023-03-24
183,215,2019-07-15
303,348,2019-01-15
164,296,2019-03-25
35,450,2024-02-01
39,455,2022-07-08
283,398,2019-07-31
25,110,2022-05-05
262,309,2020-03-01
91,116,2020-10-14
280,488,2023-02-14
53,252,2022-07-06
163,195,2026-04-27
272,460,2018-05-19
35,481,2021-11-25
100,284,2022-05-20
125,175,2023-01-18
251,301,2021-04-23
219,296,2024-08-06
51,441,2026-02-20
177,431,2022-08-04
139,366,2021-09-13
106,191,2025-09-09
81,318,2022-12-20
290,433,2021-03-08
103,299,2018-11-29
217,420,2022-08-23
151,341,2022-07-07
60,312,2026-01-13
105,251,2024-01-05
116,194,2024-07-25
7,467,2020-10-12
260,429,2018-03-11
90,187,2020-03-24
33,189,2019-10-25
57,200,2020-10-26
100,132,2024-07-17
15,90,2025-10-26
105,207,2022-05-20
103,119,2023-04-12
221,283,2024-04-03
89,121,2020-06-29
233,298,2023-03-11
240,426,2023-02-12
290,392,2020-09-13
105,176,2025-08-11
18,285,2020-09-17
117,385,2024-01-06
192,313,2026-04-27
27,458,2019-01-27
30,197,2021-05-25
66,89,2021-11-12
19,366,2023-11-06
270,318,2023-07-11
226,466,2019-10-27
238,267,2018-11-01
6,149,2024-11-02
418,461,2018-02-16
220,314,2021-01-03
170,257,2018-06-25
226,415,2021-01-28
313,483,2022-03-27
41,76,2025-04-23
245,329,2024-10-31
111,300,2024-03-14
103,183,2024-01-18
158,436,2025-07-17
22,229,2022-03-11
425,476,2020-08-05
102,379,2019-02-22
173,344,2025-03-06
180,448,2022-10-16
34,331,2022-12-19
200,245,2020-11-06
115,419,2019-08-07
72,92,2022-05-25
73,101,2024-10-15
236,466,2026-03-02
52,332,2022-06-20
170,436,2021-02-16
107,492,2021-02-22
363,427,2023-07-25
151,170,2019-12-18
102,104,2022-09-16
275,343,2026-04-04
217,372,2023-01-19
8,227,2023-09-16
463,493,2022-06-10
104,235,2023-05-31
262,330,2026-06-08
68,304,2023-11-25
137,489,2022-08-23
20,433,2023-09-10
135,373,2025-04-29
371,389,2021-12-08
147,476,2020-05-05
252,283,2019-12-26
181,275,2023-02-11
307,381,2026-01-15
155,473,2020-12-20
90,354,2025-10-26
46,468,2022-10-27
43,295,2019-03-20
156,471,2022-06-02
384,435,2018-12-08
102,287,2026-02-13
131,313,2021-08-24
3,180,2024-02-27
97,415,2023-09-09
154,193,2023-11-26
96,392,2026-01-14
225,357,2024-06-08
32,390,2021-02-11
151,248,2022-09-08
81,355,2023-06-26
18,471,2024-11-09
80,428,2018-09-10
94,109,2023-10-29
259,300,2020-04-08
254,448,2022-02-20
16,194,2022-09-25
79,266,2022-06-06
214,489,2020-01-09
85,390,2019-11-20
96,291,2020-02-27
163,399,2026-02-14
367,372,2018-04-04
209,488,2026-02-13
5,329,2025-12-18
151,224,2019-11-09
185,282,2019-09-04
181,396,2019-08-07
303,415,2024-10-01
29,357,2025-12-02
270,298,2025-03-29
246,297,2025-10-30
2,284,2023-05-17
68,209,2019-10-22
144,260,2026-04-04
62,223,2018-09-21
188,383,2025-05-24
56,82,2022-04-19
13,323,2024-10-30
274,280,2025-08-15
49,337,2024-01-29
410,454,2018-11-20
103,340,2022-02-02
25,262,2021-01-06
250,493,2020-08-12
10,164,2018-06-08
37,409,2021-02-08
205,317,2022-06-02
21,228,2022-09-30
222,226,2025-07-15
39,216,2020-09-08
207,381,2019-09-23
452,464,2022-09-08
360,488,2025-01-02
50,52,2023-10-10
128,370,2018-02-08
86,220,2022-05-23
255,326,2023-10-17
15,213,2018-04-26
3,290,2018-07-30
62,345,2025-04-18
200,266,2021-10-03
16,174,2021-02-14
140,261,2019-03-07
189,205,2022-09-02
162,179,2019-12-30
18,163,2019-05-22
140,354,2024-01-06
94,123,2021-05-14
243,468,2020-04-18
226,418,2024-07-17
395,498,2019-04-14
343,416,2022-12-25
51,351,2026-03-21
260,272,2025-04-25
54,413,2018-08-08
166,326,2023-12-02
473,493,2024-01-19
353,355,2026-04-09
127,301,2020-11-04
168,230,2022-10-28
335,457,2025-07-18
305,353,2020-06-19
87,341,2022-07-12
181,325,2018-11-20
104,407,2019-06-09
2,146,2022-06-06
147,267,2023-05-14
282,453,2025-02-06
24,364,2025-05-06
168,417,2023-10-23
240,303,2019-05-08
83,126,2018-10-14
184,425,2026-01-19
237,417,2019-06-04
256,361,2022-11-15
338,377,2024-08-05
80,412,2021-07-17
133,486,2019-04-05
338,453,2019-01-26
87,117,2022-05-09
141,365,2025-03-20
61,250,2025-10-10
33,269,2022-11-13
128,205,2019-07-07
330,439,2018-11-05
312,430,2020-10-07
165,328,2024-01-19
119,288,2023-05-03
230,482,2018-04-29
297,446,2018-04-21
271,340,2018-12-13
20,219,2020-05-22
374,470,2021-11-28
204,321,2018-12-10
122,359,2020-12-30
49,302,2020-06-07
102,371,2022-07-13
128,137,2018-02-27
54,108,2019-01-17
266,308,2019-04-19
447,489,2022-03-29
262,331,2018-11-23
415,461,2019-05-16
89,209,2021-12-29
79,390,2024-05-21
184,215,2023-06-01
78,188,2024-01-06
34,117,2024-02-01
24,277,2021-04-06
52,167,2024-03-18
251,306,2023-02-09
129,211,2018-06-18
153,381,2025-10-24
347,355,2020-12-22
87,163,2025-06-25
18,317,2022-07-19
122,218,2020-10-02
254,302,2025-07-20
276,343,2018-12-19
270,495,2024-10-28
183,218,2025-06-09
319,496,2022-01-04
94,187,2023-09-11
21,480,2021-08-06
209,473,2018-05-13
35,59,2023-12-20
5,478,2019-10-19
238,431,2020-10-23
76,306,2026-02-07
64,436,2026-01-28
197,385,2021-09-21
105,125,2020-04-22
97,293,2022-12-21
110,358,2024-07-10
140,467,2019-08-11
398,440,2019-04-25
41,242,2018-09-30
73,163,2018-04-20
64,191,2022-10-11
157,485,2020-09-30
42,299,2023-01-09
177,198,2022-07-20
120,412,2023-07-19
289,415,2025-09-20
171,200,2024-10-19
114,485,2022-06-12
74,410,2024-06-11
182,481,2024-11-01
200,242,2020-08-25
89,202,2024-11-22
86,375,2021-01-01
46,76,2025-09-04
205,252,2020-10-27
9,125,2018-06-02
19,365,2021-01-11
250,452,2022-09-22
433,478,2023-10-21
315,324,2019-09-27
355,403,2025-10-13
52,62,2022-03-09
267,302,2019-06-02
422,436,2019-05-27
264,372,2020-09-03
20,264,2019-11-14
427,459,2019-03-24
26,276,2021-03-31
155,410,2023-09-15
272,286,2020-10-04
289,308,2022-06-18
235,354,2025-05-26
69,202,2021-08-31
209,405,2025-12-07
281,437,2025-06-09
133,328,2023-03-10
133,373,2019-10-30
96,359,2022-03-19
290,292,2021-11-02
166,251,2025-01-17
370,385,2018-12-29
221,251,2019-06-22
217,248,2021-04-04
145,209,2021-06-10
193,331,2019-08-27
160,497,2018-07-11
241,279,2018-04-07
136,489,2020-11-08
248,469,2023-06-17
341,500,2020-04-09
42,292,2026-01-08
421,484,2021-07-23
385,429,2024-11-14
304,500,2026-04-24
322,352,2024-07-14
178,262,2022-08-22
199,315,2023-10-21
208,234,2019-07-16
4,69,2021-10-06
270,332,2025-02-09
316,379,2023-07-02
285,324,2018-12-14
411,437,2023-12-16
93,264,2023-01-31
97,417,2019-09-03
27,29,2019-01-31
392,402,2020-10-19
137,331,2022-11-14
403,492,2023-04-13
431,495,2024-09-11
80,441,2021-01-06
152,332,2021-09-16
26,328,2020-02-07
248,344,2018-09-10
99,232,2018-10-20
126,397,2022-09-11
191,260,2023-02-09
158,231,2024-03-05
71,365,2020-09-16
279,336,2021-08-02
191,295,2019-05-11
156,187,2021-07-11
190,344,2023-11-14
32,500,2020-07-21
13,61,2018-05-11
178,312,2023-11-08
237,399,2018-07-27
58,335,2018-07-03
197,470,2019-07-05
42,123,2021-09-28
127,217,2021-06-24
17,407,2025-03-17
73,150,2019-11-16
16,363,2024-03-12
97,120,2023-01-05
59,495,2022-03-13
101,370,2020-09-25
298,405,2020-07-17
123,297,2025-09-19
381,446,2024-10-12
216,370,2018-11-03
136,255,2023-01-06
95,488,2020-04-29
132,280,2021-03-12
305,441,2018-11-26
336,403,2019-03-11
110,499,2022-09-06
202,335,2026-03-13
349,494,2025-06-12
10,302,2018-01-20
72,161,2021-11-15
44,314,2021-10-30
46,320,2021-02-19
84,390,2023-08-15
122,158,2022-09-30
54,331,2019-10-30
110,421,2019-07-06
11,149,2019-12-11
165,242,2023-06-21
206,375,2025-03-26
252,461,2024-05-29
169,345,2021-12-26
26,33,2021-09-12
50,117,2018-03-13
328,354,2021-10-27
28,91,2025-05-11
70,489,2019-02-01
31,407,2025-09-08
264,345,2024-12-13
44,331,2019-09-23
100,291,2021-11-01
21,369,2024-12-30
375,479,2024-06-14
20,414,2023-06-13
68,352,2019-05-12
127,158,2025-12-27
26,408,2019-04-15
123,293,2024-09-12
48,463,2022-05-29
119,455,2021-11-22
215,224,2025-12-04
292,328,2019-10-11
2,98,2024-11-21
302,403,2020-06-18
23,226,2020-05-22
320,424,2021-04-28
375,394,2018-10-30
145,182,2024-07-17
43,111,2026-01-14
349,408,2021-03-20
212,299,2024-04-20
25,274,2023-10-25
263,487,2019-12-09
177,231,2019-11-06
94,414,2019-10-18
134,334,2022-08-09
290,421,2019-01-02
53,464,2018-06-20
303,318,2025-10-20
148,361,2021-01-23
151,165,2020-02-17
36,383,2022-12-24
2,169,2026-05-31
198,453,2023-02-03
229,360,2020-05-02
422,497,2024-06-13
150,180,2018-02-03
301,400,2023-01-30
93,150,2025-12-31
36,239,2018-02-14
495,500,2018-08-29
67,222,2024-08-04
326,450,2020-09-05
120,346,2024-07-24
58,269,2021-05-24
344,349,2025-02-13
36,237,2021-11-11
190,389,2022-07-26
265,346,2026-02-06
169,411,2025-09-13
66,464,2022-09-05
142,242,2019-05-17
58,224,2019-10-12
119,417,2026-01-07
20,213,2024-10-07
389,468,2024-11-01
77,381,2026-06-20
124,139,2019-07-10
67,495,2020-01-03
162,169,2019-08-28
150,454,2019-10-09
1,380,2022-11-11
196,239,2018-02-02
115,141,2021-03-12
133,458,2023-05-07
333,335,2022-04-08
23,267,2024-01-03
141,468,2024-11-26
243,375,2020-03-26
19,117,2021-04-03
131,430,2022-04-18
49,96,2026-03-01
451,458,2025-08-22
118,148,2026-06-16
31,248,2022-11-30
377,423,2025-12-28
55,294,2025-05-15
115,480,2020-08-10
57,476,2022-09-03
38,64,2018-05-29
317,346,2019-05-07
52,92,2019-05-15
58,465,2021-09-10
108,497,2025-05-15
71,164,2026-06-19
253,267,2021-01-27
14,447,2023-01-06
341,373,2018-03-10
236,474,2018-11-26
331,366,2023-10-09
12,262,2024-02-19
53,379,2022-01-23
39,88,2026-04-08
164,239,2024-12-26
11,12,2020-10-02
209,233,2024-10-26
24,179,2022-11-18
201,302,2025-03-14
471,478,2022-11-12
41,343,2025-04-07
24,155,2021-02-02
160,450,2018-01-03
333,434,2020-04-10
68,298,2023-07-07
134,363,2023-08-19
142,464,2019-09-29
85,477,2025-08-13
54,68,2022-10-06
163,446,2023-02-03
74,242,2018-05-15
57,89,2024-07-04
164,251,2024-02-17
61,63,2022-02-21
119,370,2019-05-23
26,324,2018-12-07
141,181,2018-08-23
453,496,2021-02-03
255,283,2022-11-07
23,251,2024-06-12
340,468,2019-06-14
167,191,2020-04-11
244,314,2023-09-20
11,311,2019-07-22
131,233,2022-07-04
299,465,2024-12-14
192,383,2019-10-08
80,317,2018-01-25
395,444,2024-01-30
176,422,2018-12-09
180,406,2026-04-01
41,274,2018-12-02
88,473,2023-11-18
306,398,2018-03-25
152,455,2023-10-26
326,413,2021-10-03
343,364,2020-11-10
19,31,2020-03-01
20,336,2023-04-23
338,426,2022-10-07
248,367,2024-03-28
6,461,2025-10-14
363,475,2021-09-16
123,475,2018-10-21
8,329,2018-11-25
295,423,2024-02-22
25,466,2022-08-24
60,91,2021-09-12
108,386,2025-05-30
302,474,2019-07-27
140,498,2022-08-03
65,251,2024-01-04
44,484,2020-02-28
37,195,2022-01-24
80,229,2025-11-24
95,100,2021-06-02
1,241,2019-12-15
76,353,2026-01-22
97,479,2023-04-24
122,372,2025-08-16
90,460,2018-02-15
73,151,2024-05-11
225,366,2018-01-10
5,142,2024-08-25
32,305,2020-08-17
74,287,2024-06-04
251,388,2026-05-14
152,277,2025-11-04
245,344,2025-09-15
89,287,2020-12-02
292,413,2025-11-28
13,77,2020-08-21
138,206,2025-09-11
27,145,2021-03-10
131,193,2024-11-28
163,235,2019-10-20
206,263,2025-04-16
245,426,2024-05-26
160,446,2019-03-11
93,292,2025-08-23
97,440,2021-08-20
40,249,2019-07-19
254,372,2024-11-24
165,432,2025-05-30
38,485,2022-05-01
214,353,2024-02-07
312,403,2025-07-05
175,222,2025-11-24
355,484,2018-09-29
21,234,2020-07-21
346,391,2024-01-25
144,341,2022-06-25
43,211,2025-09-06
2,458,2018-05-03
100,202,2021-02-02
124,182,2021-05-11
147,423,2025-05-13
206,292,2023-09-23
88,456,2020-05-16
139,364,2021-12-15
182,366,2022-11-19
124,380,2025-10-16
67,287,2025-07-29
403,451,2026-04-23
159,181,2018-05-09
139,411,2022-09-17
377,424,2026-03-19
76,80,2025-08-23
6,327,2019-10-20
41,132,2021-05-02
210,237,2025-03-19
281,490,2021-09-11
169,365,2018-03-30
304,363,2020-07-12
130,289,2018-12-13
41,195,2024-03-08
51,267,2023-01-21
136,396,2020-04-25
273,481,2024-06-04
183,267,2024-06-08
48,247,2021-07-28
8,94,2021-10-27
19,394,2026-04-09
255,338,2019-05-15
332,461,2024-09-15
194,277,2021-03-17
121,216,2022-06-02
135,473,2024-10-10
18,195,2023-04-19
79,386,2018-07-25
223,409,2019-05-02
275,346,2023-01-14
100,256,2023-09-28
8,177,2019-10-08
365,420,2023-03-06
86,491,2025-10-13
182,192,2024-01-14
41,168,2025-04-28
134,499,2022-10-23
114,256,2021-04-10
463,475,2022-09-13
302,483,2019-11-22
238,475,2021-09-09
470,472,2024-09-29
87,180,2023-03-11
30,383,2021-09-21
35,162,2022-07-08
105,427,2019-01-29
13,16,2022-03-05
234,456,2020-11-05
358,476,2019-01-09
82,141,2018-07-03
350,411,2018-08-20
7,322,2024-03-05
67,426,2018-01-13
79,408,2026-05-02
176,206,2021-07-19
290,497,2022-11-06
58,299,2025-09-05
134,346,2026-01-13
233,435,2022-11-15
68,185,2020-03-31
488,496,2019-02-14
245,476,2024-09-04
434,466,2019-04-15
251,376,2026-03-07
40,320,2022-03-18
26,199,2026-06-15
323,398,2022-11-29
59,314,2024-01-27
253,400,2021-02-06
150,207,2024-06-29
273,427,2023-08-25
45,371,2018-03-10
366,440,2022-03-14
274,485,2024-03-08
262,384,2019-06-07
128,240,2022-07-08
143,330,2023-09-05
190,291,2020-04-12
10,232,2025-07-15
88,113,2021-08-31
151,274,2024-08-27
57,137,2022-05-27
218,297,2023-07-28
60,245,2018-08-29
89,325,2018-04-12
72,383,2019-04-18
291,343,2021-09-30
425,440,2025-06-09
55,436,2019-02-08
195,244,2021-10-15
209,340,2018-08-21
191,442,2020-02-10
257,263,2020-10-10
9,214,2026-04-25
256,428,2022-12-25
192,377,2021-09-26
189,422,2021-01-25
12,117,2024-07-31
358,401,2019-12-06
29,426,2025-06-10
162,289,2024-10-25
9,81,2023-08-30
80,146,2025-10-21
165,384,2019-01-30
46,150,2025-03-31
246,310,2019-05-21
10,225,2022-03-03
10,19,2026-05-24
142,356,2021-10-23
264,270,2022-09-22
129,281,2020-12-16
385,412,2022-08-20
197,203,2025-11-10
115,132,2024-10-11
422,499,2019-07-25
28,414,2021-11-29
60,438,2019-08-01
36,312,2026-02-20
202,487,2023-10-16
32,260,2018-11-09
110,192,2018-04-02
425,451,2025-05-02
119,257,2023-03-05
343,346,2018-09-20
79,431,2026-03-17
311,393,2026-03-29
59,207,2018-02-26
157,304,2019-06-08
98,187,2021-10-26
89,396,2021-01-20
102,456,2025-09-09
155,391,2022-08-30
282,387,2025-10-14
75,166,2018-10-27
279,304,2025-02-16
424,430,2019-05-23
350,445,2019-12-24
233,463,2023-06-11
321,490,2024-12-09
281,353,2025-08-05
106,333,2024-07-04
95,482,2025-06-10
368,451,2019-03-26
121,309,2018-04-27
121,173,2025-09-23
271,376,2025-12-18
72,152,2020-09-19
139,409,2019-06-13
147,243,2018-08-28
117,251,2022-07-17
241,445,2020-04-05
169,459,2019-06-10
71,211,2025-12-09
264,300,2021-01-08
371,402,2019-09-27
55,485,2021-09-05
95,261,2020-10-09
100,193,2023-07-21
51,312,2025-10-10
69,481,2025-10-17
145,269,2020-11-26
92,409,2021-09-09
247,497,2018-11-20
50,215,2023-09-14
83,323,2026-06-22
299,460,2023-12-06
163,190,2026-05-05
466,495,2021-07-14
164,344,2021-12-17
54,234,2021-09-04
237,259,2022-02-16
132,292,2020-08-21
162,344,2020-07-09
175,235,2025-09-28
109,378,2025-04-27
179,320,2023-08-23
63,425,2019-03-31
64,422,2024-01-02
89,166,2018-09-24
111,241,2018-06-22
8,74,2021-03-26
168,285,2025-12-13
254,410,2025-08-11
27,191,2024-03-09
144,235,2021-06-24
194,287,2022-10-15
52,146,2019-12-12
320,374,2026-05-15
2,355,2019-10-13
54,147,2023-01-22
44,223,2022-06-06
194,436,2019-03-22
388,420,2021-02-21
209,247,2021-11-22
68,234,2021-10-08
171,419,2021-07-16
92,101,2024-08-08
51,479,2019-11-10
431,437,2018-01-08
304,325,2022-12-22
147,311,2021-07-05
191,206,2025-07-14
68,330,2025-12-31
159,222,2022-10-24
78,459,2020-04-28
192,300,2018-05-03
26,102,2021-10-23
254,375,2025-06-27
60,200,2024-06-03
168,446,2023-02-19
411,426,2022-11-03
151,324,2021-09-12
456,458,2023-01-29
109,377,2020-02-26
143,320,2022-02-19
93,360,2020-04-24
232,392,2019-07-22
53,238,2022-08-23
70,324,2026-03-21
82,143,2021-01-08
144,478,2021-08-04
393,474,2019-02-16
151,389,2022-05-01
430,454,2019-04-27
241,245,2024-12-17
317,393,2022-09-10
115,233,2020-08-30
93,318,2020-03-06
88,255,2025-02-18
61,469,2025-04-25
168,395,2018-04-22
19,189,2024-08-21
137,309,2022-07-27
168,254,2023-11-08
104,262,2021-04-11
64,458,2023-10-18
387,453,2022-08-12
49,339,2019-01-17
107,216,2020-04-13
264,421,2023-11-05
143,155,2025-06-15
86,133,2021-03-19
134,439,2020-10-13
75,322,2018-11-07
11,142,2020-02-20
24,99,2024-03-22
137,499,2022-05-12
77,219,2023-06-16
177,405,2019-05-12
59,426,2024-08-05
74,306,2020-07-16
49,221,2019-10-06
236,327,2023-03-07
311,343,2022-12-29
204,400,2023-12-22
387,495,2018-05-22
2,108,2024-05-20
195,493,2026-06-07
166,285,2025-06-28
206,363,2018-07-08
132,396,2020-02-19
157,193,2018-04-15
14,276,2025-12-07
266,361,2026-05-14
207,282,2023-06-03
366,457,2022-05-17
61,75,2022-03-19
7,178,2019-04-08
395,423,2026-05-25
371,374,2023-07-19
37,479,2026-06-19
97,303,2024-01-30
154,202,2025-12-17
45,287,2023-06-07
444,472,2023-12-07
27,88,2025-05-17
290,481,2021-12-18
84,331,2019-07-20
76,123,2019-07-17
318,472,2023-03-14
248,277,2021-03-20
198,269,2023-03-18
77,373,2019-09-26
50,455,2025-03-08
25,209,2018-10-12
3,147,2018-01-23
52,492,2023-08-12
45,82,2019-02-01
68,473,2020-03-04
57,426,2018-02-15
224,281,2022-12-01
266,292,2025-07-28
106,361,2022-05-01
99,405,2023-04-02
72,294,2020-05-22
320,346,2019-04-06
58,359,2023-01-31
171,237,2019-12-17
128,399,2025-10-02
334,391,2019-08-09
100,273,2025-02-10
190,196,2025-12-16
60,458,2019-09-09
360,480,2023-03-13
169,188,2018-11-25
15,123,2018-12-10
135,464,2022-11-21
60,128,2019-09-06
58,237,2020-10-10
26,218,2026-01-14
91,284,2020-12-04
200,378,2019-10-30
60,411,2018-10-25
65,229,2021-05-05
49,161,2019-07-30
274,378,2025-05-03
360,370,2019-11-21
199,440,2022-10-24
243,331,2018-08-10
15,436,2018-09-29
74,460,2018-06-12
274,348,2023-07-19
32,45,2023-02-06
99,132,2024-11-26
147,176,2023-03-17
67,455,2018-03-18
19,99,2020-06-18
384,481,2020-04-23
2,116,2020-11-22
226,255,2022-03-28
271,371,2019-08-15
134,490,2021-11-01
218,361,2019-05-13
430,482,2025-07-13
177,342,2021-10-03
106,357,2018-12-15
113,315,2022-07-01
374,449,2020-08-05
371,472,2024-11-15
32,113,2023-05-21
316,394,2019-01-06
11,278,2025-05-06
170,194,2020-09-28
358,377,2018-09-28
191,204,2023-05-25
370,403,2018-10-24
95,485,2022-01-05
69,197,2020-01-15
184,272,2020-03-16
194,309,2024-02-25
160,166,2020-07-13
328,492,2024-09-29
195,425,2026-05-25
249,287,2022-03-06
69,86,2024-03-18
44,298,2023-04-17
194,447,2019-08-20
12,109,2021-09-26
232,342,2021-06-08
385,414,2021-11-03
212,261,2021-06-15
224,230,2022-07-29
149,164,2019-05-29
147,211,2020-12-15
165,279,2019-12-31
23,120,2019-09-29
318,495,2019-05-04
85,124,2018-05-28
186,447,2021-02-23
209,354,2019-08-10
192,364,2018-08-26
137,257,2022-02-15
144,332,2019-04-19
244,321,2020-08-28
62,277,2026-05-25
323,494,2020-05-27
411,448,2019-04-18
124,240,2020-03-27
50,312,2024-08-20
253,446,2025-09-16
331,484,2025-08-14
110,118,2019-01-22
474,477,2023-02-01
328,339,2022-04-08
10,38,2021-01-28
48,468,2019-05-25
393,412,2026-03-26
403,439,2019-02-13
201,221,2020-12-30
64,114,2024-10-24
72,364,2018-06-05
251,342,2021-10-08
228,344,2019-07-19
290,308,2023-08-25
84,87,2020-07-14
403,433,2022-12-05
247,453,2019-04-19
15,32,2022-08-26
32,145,2025-09-08
12,409,2024-07-24
49,361,2018-01-01
418,455,2025-09-09
213,329,2023-01-12
183,433,2019-01-15
436,466,2020-03-12
185,388,2023-03-10
217,423,2021-04-19
437,465,2023-12-26
146,443,2024-07-26
348,404,2019-03-02
204,393,2025-03-07
469,488,2022-09-06
5,41,2019-06-12
156,390,2021-05-17
337,351,2026-05-04
114,234,2018-04-26
340,499,2024-05-12
301,431,2024-05-03
237,253,2021-02-10
100,475,2023-12-17
142,303,2022-11-05
40,425,2022-02-08
152,344,2025-01-03
239,435,2024-10-28
141,301,2021-09-13
173,223,2026-03-29
1,417,2024-01-08
291,476,2020-03-15
109,439,2020-10-15
81,354,2020-06-15
22,333,2025-10-28
288,351,2023-06-06
44,48,2024-12-27
81,240,2023-06-16
254,454,2022-03-29
35,388,2025-03-27
265,478,2019-05-12
247,253,2018-07-02
456,494,2023-10-03
103,316,2022-10-25
224,456,2024-03-06
121,415,2019-05-07
198,435,2022-03-27
161,306,2023-12-14
148,470,2022-05-14
46,217,2020-11-14
308,499,2021-08-03
359,434,2021-05-25
25,183,2019-08-29
162,298,2023-04-12
201,321,2021-12-16
57,342,2023-08-14
345,452,2020-01-10
74,474,2024-10-10
135,210,2018-03-17
46,397,2023-09-24
202,334,2025-12-21
173,321,2021-03-24
178,267,2019-10-12
70,239,2020-05-16
104,251,2020-12-28
337,339,2018-09-16
408,455,2023-05-08
268,272,2020-06-05
227,421,2018-07-20
122,473,2023-04-03
149,198,2023-07-14
469,492,2024-03-19
119,448,2021-09-06
70,279,2020-10-27
114,476,2022-11-23
147,399,2026-03-31
52,95,2026-03-30
237,380,2019-11-27
290,339,2021-04-04
285,461,2022-11-30
73,235,2020-01-11
177,433,2020-02-24
41,211,2021-08-06
10,142,2022-06-13
232,339,2019-07-03
74,461,2020-09-20
107,452,2021-10-07
116,253,2020-12-17
250,499,2021-02-05
71,91,2019-02-24
291,388,2023-05-08
204,210,2024-11-13
32,353,2024-06-22
62,208,2025-09-26
66,86,2021-01-29
211,350,2018-08-18
120,350,2018-06-11
308,471,2022-08-07
270,311,2025-12-28
305,391,2018-03-03
190,397,2024-05-17
41,382,2024-01-20
60,344,2021-07-18
64,394,2018-06-17
35,442,2019-01-28
244,337,2022-12-24
65,124,2024-01-03
48,96,2019-04-30
281,483,2025-01-11
78,93,2020-10-11
130,308,2020-09-18
189,428,2018-12-11
37,127,2025-09-23
341,398,2020-06-04
270,391,2021-04-10
325,370,2024-06-28
19,468,2022-03-07
438,491,2019-06-25
101,332,2018-01-10
26,166,2024-11-26
86,276,2020-07-01
155,158,2024-01-23
85,357,2023-05-28
308,465,2021-04-10
170,457,2025-07-15
196,361,2022-09-04
138,178,2024-03-30
41,308,2023-01-08
60,74,2026-01-29
294,361,2025-03-21
181,470,2024-09-30
42,456,2018-06-04
43,103,2018-12-19
118,456,2021-03-15
440,441,2019-06-27
230,337,2019-06-23
119,400,2020-10-21
212,227,2022-01-14
50,301,2020-04-01
129,212,2018-05-18
226,264,2020-05-31
175,332,2024-12-17
298,435,2023-05-24
285,319,2018-10-21
218,474,2025-09-25
43,288,2025-06-13
122,467,2019-04-22
331,497,2021-12-13
106,117,2023-05-27
192,366,2022-03-02
179,207,2022-10-12
28,57,2021-02-11
347,413,2019-03-05
13,216,2025-07-07
196,357,2020-06-18
43,401,2022-01-31
194,319,2025-08-31
84,441,2018-01-02
319,432,2026-02-01
81,162,2020-06-03
265,280,2026-02-10
257,439,2021-08-06
133,159,2022-11-08
242,249,2020-08-04
45,225,2018-09-14
10,438,2023-05-18
53,162,2025-05-14
252,319,2021-08-17
414,458,2021-12-30
7,443,2019-08-15
79,290,2026-01-12
168,435,2020-01-01
72,474,2019-11-13
99,364,2018-01-31
2,110,2025-01-08
215,410,2022-03-25
218,348,2023-03-28
50,429,2022-07-04
17,77,2019-07-22
45,415,2019-11-22
297,318,2018-03-19
44,69,2023-06-09
254,272,2026-06-03
23,262,2024-04-13
10,103,2025-03-19
29,270,2022-01-14
176,490,2026-04-05
413,496,2021-02-01
16,235,2021-04-29
336,415,2020-07-15
232,460,2022-03-08
203,483,2020-12-20
95,98,2020-07-26
4,198,2026-03-10
249,406,2020-08-31
20,306,2025-05-29
331,334,2025-01-20
67,176,2019-01-16
90,327,2024-12-25
142,341,2019-05-13
93,144,2019-05-27
125,261,2024-07-16
228,435,2021-01-05
41,238,2026-05-30
153,312,2021-01-08
49,59,2021-03-14
289,500,2019-05-07
244,410,2024-08-10
10,445,2025-06-19
215,442,2021-07-29
71,474,2018-02-26
121,421,2019-05-08
176,302,2023-06-28
120,285,2024-11-30
188,310,2023-01-06
11,101,2025-05-12
186,371,2018-07-22
286,483,2022-08-11
328,477,2023-01-26
27,84,2018-02-13
5,171,2026-01-27
222,355,2022-01-28
331,482,2023-02-01
115,403,2021-12-11
10,324,2020-04-02
357,436,2022-02-05
55,259,2019-06-16
201,430,2019-02-16
160,469,2026-04-28
164,280,2019-06-18
99,159,2022-09-05
139,447,2025-05-25
19,436,2025-03-19
142,350,2026-01-02
67,442,2022-01-20
214,483,2021-01-11
401,440,2025-02-12
30,196,2019-09-25
3,160,2021-08-19
55,137,2021-02-09
310,312,2018-12-26
306,374,2026-02-22
193,360,2026-03-09
152,181,2023-06-04
156,163,2020-03-08
134,159,2021-10-02
67,403,2019-08-31
88,294,2023-05-22
298,396,2024-04-14
74,435,2024-05-21
408,489,2023-10-14
207,400,2022-08-05
63,215,2022-08-17
122,135,2021-07-30
223,402,2022-12-28
272,432,2022-12-12
19,68,2024-05-12
33,63,2025-12-07
212,244,2026-03-29
341,423,2020-03-29
355,432,2020-10-10
471,486,2022-08-28
76,288,2022-06-06
63,179,2018-06-10
273,297,2019-12-10
11,241,2026-04-02
35,129,2020-02-29
287,452,2024-09-09
167,429,2026-03-09
294,327,2023-05-12
128,488,2024-06-08
430,440,2025-05-21
150,390,2022-04-12
9,175,2024-01-12
127,177,2020-03-31
119,377,2025-02-22
312,328,2023-06-05
220,341,2026-06-04
35,239,2023-07-06
243,447,2019-10-20
196,306,2022-04-29
43,362,2023-09-12
341,431,2019-11-15
188,299,2021-09-08
319,419,2022-06-12
261,328,2018-05-13
63,221,2019-10-11
183,375,2022-07-17
206,431,2021-08-25
114,295,2018-11-21
35,212,2022-11-12
116,272,2025-01-30
86,196,2023-11-03
8,446,2019-05-02
1,373,2021-11-18
56,148,2018-11-03
421,452,2021-03-27
60,355,2022-05-29
263,471,2025-06-23
145,484,2024-01-14
35,451,2021-10-13
51,490,2019-05-04
465,484,2018-06-26
71,448,2026-04-06
256,285,2020-09-20
462,480,2018-04-14
238,310,2018-07-23
147,391,2020-05-20
126,422,2021-10-25
69,93,2025-10-14
143,485,2024-08-29
172,258,2018-08-20
252,484,2022-12-08
58,156,2021-02-04
119,432,2020-12-05
496,499,2022-11-08
46,414,2024-03-26
31,139,2020-03-10
298,403,2019-11-15
135,158,2022-09-15
191,324,2023-03-12
272,358,2019-01-16
163,255,2022-07-12
100,339,2021-01-16
17,378,2025-06-20
225,326,2020-09-23
338,419,2020-08-04
229,488,2025-12-21
244,477,2018-05-24
239,346,2026-01-13
367,414,2022-02-07
40,415,2021-03-14
97,232,2026-05-08
39,77,2022-10-06
46,193,2025-04-16
56,295,2024-09-03
275,308,2024-01-25
37,98,2022-02-28
323,493,2026-02-19
204,473,2020-07-09
14,271,2024-01-31
307,485,2020-09-01
282,304,2021-11-04
230,494,2024-02-22
336,352,2018-09-15
25,180,2021-07-11
